{
    "Ela": {
        "mean_error": 14.761268819917571,
        "std_error": 28.556633643624757,
        "max_error": 248.0,
        "total_error": 21059607.0,
        "tampered_ratio": 0.0012329324025009112
    }
}